"Reference","Value","Footprint","Datasheet","Sim.Device","Sim.Pins","Qty"
"C1-C4","C","Capacitor_SMD:C_0603_1608Metric_Pad1.08x0.95mm_HandSolder","~","","","4"
"C5","22pF","Capacitor_SMD:C_0603_1608Metric_Pad1.08x0.95mm_HandSolder","~","","","1"
"C6","47pF","Capacitor_SMD:C_0603_1608Metric_Pad1.08x0.95mm_HandSolder","~","","","1"
"C7","100nF","Capacitor_SMD:C_0603_1608Metric_Pad1.08x0.95mm_HandSolder","~","","","1"
"D1-D3","1N4148W","Diode_SMD:D_SOD-123","https://www.vishay.com/docs/85748/1n4148w.pdf","D","1=K 2=A","3"
"J1","Keyboard Connector","Package_DIP:DIP-16_W7.62mm_Socket","~","","","1"
"J2, J4, J5","DE9_Plug_MountingHoles","SamacSys_Parts:L717SDE09PA4CH3F"," ~","","","3"
"J3","Conn_Coaxial",""," ~","","","1"
"J6","GPI/O","Connector_PinSocket_2.54mm:PinSocket_1x14_P2.54mm_Vertical","~","","","1"
"J7","Conn_01x08","Connector_PinSocket_2.54mm:PinSocket_1x08_P2.54mm_Vertical","~","","","1"
"J8","Conn_01x10","Connector_PinSocket_2.54mm:PinSocket_1x10_P2.54mm_Vertical","~","","","1"
"JP1","ASCII D7","Package_DIP:DIP-16_W7.62mm_Socket","~","","","1"
"JP2-JP9","SolderJumper_2_Open","Jumper:SolderJumper-2_P1.3mm_Open_RoundedPad1.0x1.5mm","~","","","8"
"Q4","MMBT3904","Package_TO_SOT_SMD:SOT-23_Handsoldering","~","","","1"
"R1-R3","2.2K","Resistor_SMD:R_0603_1608Metric_Pad0.98x0.95mm_HandSolder","~","","","3"
"R4","4.7k","Resistor_SMD:R_0603_1608Metric_Pad0.98x0.95mm_HandSolder","~","","","1"
"R5","1.5k","Resistor_SMD:R_0603_1608Metric_Pad0.98x0.95mm_HandSolder","~","","","1"
"R6","1M","Resistor_SMD:R_0603_1608Metric_Pad0.98x0.95mm_HandSolder","~","","","1"
"R7","1.5K","Resistor_SMD:R_0603_1608Metric_Pad0.98x0.95mm_HandSolder","~","","","1"
"R8","2K","Resistor_SMD:R_0603_1608Metric_Pad0.98x0.95mm_HandSolder","~","","","1"
"R9","10R","Resistor_SMD:R_0603_1608Metric_Pad0.98x0.95mm_HandSolder","~","","","1"
"R10","150R","Resistor_SMD:R_0603_1608Metric_Pad0.98x0.95mm_HandSolder","~","","","1"
"R11","200R","Resistor_SMD:R_0603_1608Metric_Pad0.98x0.95mm_HandSolder","~","","","1"
"SW1","-- mixed values --","","","","","1"
"U1","W65C02SxQ","Package_QFP:MQFP-44_10x10mm_P0.8mm","http://www.westerndesigncenter.com/wdc/documentation/w65c02s.pdf","","","1"
"U2","AT28HC64BF","Package_SO:SOIC-28W_7.5x17.9mm_P1.27mm","https://www.mouser.com/datasheet/2/268/doc3648-1115086.pdf","","","1"
"U3, U34","IS62C256AL","Package_SO:SOIC-28W_7.5x17.9mm_P1.27mm","https://www.mouser.com/datasheet/2/198/62-65C256AL-258444.pdf","","","2"
"U4-U6","74HC00","Package_SO:SOIC-14_3.9x8.7mm_P1.27mm","http://www.ti.com/lit/gpn/sn74hct00","","","3"
"U7, U13, U21","74HC02","Package_SO:SOIC-14_3.9x8.7mm_P1.27mm","-- mixed values --","","","3"
"U8, U9, U29, U31, U49","74HC08","Package_SO:SOIC-14_3.9x8.7mm_P1.27mm","http://www.ti.com/lit/gpn/sn74LS08","","","5"
"U10, U11","74HC154","Package_SO:SOIC-24W_7.5x15.4mm_P1.27mm","http://www.ti.com/lit/gpn/sn74LS154","","","2"
"U12, U15, U23","74HC373","Package_SO:SOIC-20W_7.5x12.8mm_P1.27mm","-- mixed values --","","","3"
"U14","82C54_PLCC","Package_LCC:PLCC-28","http://download.intel.com/design/archives/periphrl/docs/23124406.pdf","","","1"
"U16, U22, U30","74HC32","Package_SO:SOIC-14_3.9x8.7mm_P1.27mm","http://www.ti.com/lit/gpn/sn74LS32","","","3"
"U17","TL16C550D/DL PT/PFB","Package_QFP:TQFP-48_7x7mm_P0.5mm","https://www.ti.com/general/docs/suppproductinfo.tsp?distId=26&gotoUrl=https://www.ti.com/lit/gpn/tl16c550d","","","1"
"U18","TRSF3243","Package_SO:TSSOP-28_4.4x9.7mm_P0.65mm","https://www.ti.com/lit/gpn/trsf3243","","","1"
"U19","74HC86","Package_SO:SOIC-14_3.9x8.7mm_P1.27mm","74xx/74ls86.pdf","","","1"
"U20","W65C21SxPL","Package_LCC:PLCC-44","http://www.westerndesigncenter.com/wdc/documentation/w65c21.pdf","","","1"
"U24","6545","Package_DIP:DIP-40_W15.24mm","http://www.6502.org/documents/datasheets/mos/mos_6545-1_crtc.pdf","","","1"
"U25","AS6C6264","Package_SO:SOIC-28W_7.5x18.7mm_P1.27mm","","","","1"
"U26-U28, U39-U41, U47, U48","74HC157","Package_SO:SOIC-16_3.9x9.9mm_P1.27mm","http://www.ti.com/lit/gpn/sn74LS157","","","8"
"U32","74HC04","Package_SO:SOIC-14_3.9x8.7mm_P1.27mm","http://www.ti.com/lit/gpn/sn74LS04","","","1"
"U35, U36, U42, U43","74HC244","Package_SO:SOIC-20W_7.5x12.8mm_P1.27mm","https://assets.nexperia.com/documents/data-sheet/74HC_HCT244.pdf","","","4"
"U37","74HC574","Package_SO:SOIC-20W_7.5x12.8mm_P1.27mm","http://www.ti.com/lit/gpn/sn74HCT574","","","1"
"U38","74HC165","Package_SO:SOIC-16_3.9x9.9mm_P1.27mm","https://assets.nexperia.com/documents/data-sheet/74HC_HCT165.pdf","","","1"
"U44","74HC163","Package_SO:SOIC-16_3.9x9.9mm_P1.27mm","http://www.ti.com/lit/gpn/sn74LS163","","","1"
"U45","74HC174","Package_SO:SOIC-16_3.9x9.9mm_P1.27mm","http://www.ti.com/lit/gpn/sn74LS174","","","1"
"U46","74HC74","Package_SO:SOIC-14_3.9x8.7mm_P1.27mm","74xx/74hc_hct74.pdf","","","1"
"X1","DFA-S11","Oscillator:Oscillator_SMD_Fordahl_DFAS11-4Pin_7.0x5.0mm","http://www.metatech.com.hk/product/fordahl/pdf/2002%20TCXO%20Page%2043-58.pdf","","","1"
"X2","ASV-2.5MHz","Oscillator:Oscillator_SMD_Abracon_ASV-4Pin_7.0x5.1mm_HandSoldering","http://www.abracon.com/Oscillators/ASV.pdf","","","1"
"Y1","1.8432MHz","","~","","","1"
